tract_fips,acs_present,places_present,svi_present,three_source_intersection,measure_eligible,unmatched_state
25001010100,1,1,1,1,1,complete three-source intersection
25001010206,1,1,1,1,1,complete three-source intersection
25001010208,1,1,1,1,1,complete three-source intersection
25001010304,1,1,1,1,1,complete three-source intersection
25001010306,1,1,1,1,1,complete three-source intersection
25001010400,1,1,1,1,1,complete three-source intersection
25001010500,1,1,1,1,1,complete three-source intersection
25001010600,1,1,1,1,1,complete three-source intersection
25001010700,1,1,1,1,1,complete three-source intersection
25001010800,1,1,1,1,1,complete three-source intersection
25001010900,1,1,1,1,1,complete three-source intersection
25001011002,1,1,1,1,1,complete three-source intersection
25001011100,1,1,1,1,1,complete three-source intersection
25001011200,1,1,1,1,1,complete three-source intersection
25001011300,1,1,1,1,1,complete three-source intersection
25001011400,1,1,1,1,1,complete three-source intersection
25001011500,1,1,1,1,1,complete three-source intersection
25001011600,1,1,1,1,1,complete three-source intersection
25001011700,1,1,1,1,1,complete three-source intersection
25001011801,1,1,1,1,1,complete three-source intersection
25001011802,1,1,1,1,1,complete three-source intersection
25001012001,1,1,1,1,1,complete three-source intersection
25001012002,1,1,1,1,1,complete three-source intersection
25001012101,1,1,1,1,1,complete three-source intersection
25001012102,1,1,1,1,1,complete three-source intersection
25001012200,1,1,1,1,1,complete three-source intersection
25001012502,1,1,1,1,1,complete three-source intersection
25001012601,1,1,1,1,1,complete three-source intersection
25001012602,1,1,1,1,1,complete three-source intersection
25001012700,1,1,1,1,1,complete three-source intersection
25001012800,1,1,1,1,1,complete three-source intersection
25001012900,1,1,1,1,1,complete three-source intersection
25001013002,1,1,1,1,1,complete three-source intersection
25001013100,1,1,1,1,1,complete three-source intersection
25001013200,1,1,1,1,1,complete three-source intersection
25001013300,1,1,1,1,1,complete three-source intersection
25001013400,1,1,1,1,1,complete three-source intersection
25001013500,1,1,1,1,1,complete three-source intersection
25001013600,1,1,1,1,1,complete three-source intersection
25001013700,1,1,1,1,1,complete three-source intersection
25001013800,1,1,1,1,1,complete three-source intersection
25001013900,1,1,1,1,1,complete three-source intersection
25001014002,1,1,1,1,1,complete three-source intersection
25001014100,1,1,1,1,1,complete three-source intersection
25001014300,1,1,1,1,1,complete three-source intersection
25001014402,1,1,1,1,1,complete three-source intersection
25001014500,1,1,1,1,1,complete three-source intersection
25001014600,1,1,1,1,1,complete three-source intersection
25001014700,1,1,1,1,1,complete three-source intersection
25001014800,1,1,1,1,1,complete three-source intersection
25001014900,1,1,1,1,1,complete three-source intersection
25001015001,1,1,1,1,1,complete three-source intersection
25001015002,1,1,1,1,1,complete three-source intersection
25001015100,1,1,1,1,1,complete three-source intersection
25001015200,1,1,1,1,1,complete three-source intersection
25001015300,1,1,1,1,1,complete three-source intersection
25001990000,1,0,0,0,0,ACS only; no PLACES or SVI row
25003900100,1,1,1,1,1,complete three-source intersection
25003900200,1,1,1,1,1,complete three-source intersection
25003900300,1,1,1,1,1,complete three-source intersection
25003900400,1,1,1,1,1,complete three-source intersection
25003900500,1,1,1,1,1,complete three-source intersection
25003900600,1,1,1,1,1,complete three-source intersection
25003900700,1,1,1,1,1,complete three-source intersection
25003900800,1,1,1,1,1,complete three-source intersection
25003900900,1,1,1,1,1,complete three-source intersection
25003901100,1,1,1,1,1,complete three-source intersection
25003911100,1,1,1,1,1,complete three-source intersection
25003912100,1,1,1,1,1,complete three-source intersection
25003913100,1,1,1,1,1,complete three-source intersection
25003914100,1,1,1,1,1,complete three-source intersection
25003920101,1,1,1,1,1,complete three-source intersection
25003920102,1,1,1,1,1,complete three-source intersection
25003921300,1,1,1,1,1,complete three-source intersection
25003921400,1,1,1,1,1,complete three-source intersection
25003921500,1,1,1,1,1,complete three-source intersection
25003922100,1,1,1,1,1,complete three-source intersection
25003922200,1,1,1,1,1,complete three-source intersection
25003922300,1,1,1,1,1,complete three-source intersection
25003923100,1,1,1,1,1,complete three-source intersection
25003924100,1,1,1,1,1,complete three-source intersection
25003925101,1,1,1,1,1,complete three-source intersection
25003925102,1,1,1,1,1,complete three-source intersection
25003926100,1,1,1,1,1,complete three-source intersection
25003931100,1,1,1,1,1,complete three-source intersection
25003931300,1,1,1,1,1,complete three-source intersection
25003931400,1,1,1,1,1,complete three-source intersection
25003932200,1,1,1,1,1,complete three-source intersection
25003932300,1,1,1,1,1,complete three-source intersection
25003933200,1,1,1,1,1,complete three-source intersection
25003933300,1,1,1,1,1,complete three-source intersection
25003933400,1,1,1,1,1,complete three-source intersection
25003934200,1,1,1,1,1,complete three-source intersection
25003934300,1,1,1,1,1,complete three-source intersection
25003935100,1,1,1,1,1,complete three-source intersection
25003935200,1,1,1,1,1,complete three-source intersection
25003935300,1,1,1,1,1,complete three-source intersection
25005600100,1,1,1,1,1,complete three-source intersection
25005600202,1,1,1,1,1,complete three-source intersection
25005600203,1,1,1,1,1,complete three-source intersection
25005600204,1,1,1,1,1,complete three-source intersection
25005610100,1,1,1,1,1,complete three-source intersection
25005610202,1,1,1,1,1,complete three-source intersection
25005610203,1,1,1,1,1,complete three-source intersection
25005610204,1,1,1,1,1,complete three-source intersection
25005611101,1,1,1,1,1,complete three-source intersection
25005611102,1,1,1,1,1,complete three-source intersection
25005611201,1,1,1,1,1,complete three-source intersection
25005611202,1,1,1,1,1,complete three-source intersection
25005612100,1,1,1,1,1,complete three-source intersection
25005612201,1,1,1,1,1,complete three-source intersection
25005612202,1,1,1,1,1,complete three-source intersection
25005613100,1,1,1,1,1,complete three-source intersection
25005613300,1,1,1,1,1,complete three-source intersection
25005613400,1,1,1,1,1,complete three-source intersection
25005613600,1,1,1,1,1,complete three-source intersection
25005613700,1,1,1,1,1,complete three-source intersection
25005613800,1,1,1,1,1,complete three-source intersection
25005613901,1,1,1,1,1,complete three-source intersection
25005613902,1,1,1,1,1,complete three-source intersection
25005614000,1,1,1,1,1,complete three-source intersection
25005614101,1,1,1,1,1,complete three-source intersection
25005614102,1,1,1,1,1,complete three-source intersection
25005615100,1,1,1,1,1,complete three-source intersection
25005616100,1,1,1,1,1,complete three-source intersection
25005617101,1,1,1,1,1,complete three-source intersection
25005617102,1,1,1,1,1,complete three-source intersection
25005630101,1,1,1,1,1,complete three-source intersection
25005630102,1,1,1,1,1,complete three-source intersection
25005630201,1,1,1,1,1,complete three-source intersection
25005630202,1,1,1,1,1,complete three-source intersection
25005630301,1,1,1,1,1,complete three-source intersection
25005630302,1,1,1,1,1,complete three-source intersection
25005630400,1,1,1,1,1,complete three-source intersection
25005631101,1,1,1,1,1,complete three-source intersection
25005631102,1,1,1,1,1,complete three-source intersection
25005631200,1,1,1,1,1,complete three-source intersection
25005631300,1,1,1,1,1,complete three-source intersection
25005631400,1,1,1,1,1,complete three-source intersection
25005631500,1,1,1,1,1,complete three-source intersection
25005631600,1,1,1,1,1,complete three-source intersection
25005631700,1,1,1,1,1,complete three-source intersection
25005631800,1,1,1,1,1,complete three-source intersection
25005632100,1,1,1,1,1,complete three-source intersection
25005632200,1,1,1,1,1,complete three-source intersection
25005633100,1,1,1,1,1,complete three-source intersection
25005633200,1,1,1,1,1,complete three-source intersection
25005640100,1,1,1,1,1,complete three-source intersection
25005640201,1,1,1,1,1,complete three-source intersection
25005640202,1,1,1,1,1,complete three-source intersection
25005640300,1,1,1,1,1,complete three-source intersection
25005640400,1,1,1,1,1,complete three-source intersection
25005640500,1,1,1,1,1,complete three-source intersection
25005640600,1,1,1,1,1,complete three-source intersection
25005640700,1,1,1,1,1,complete three-source intersection
25005640800,1,1,1,1,1,complete three-source intersection
25005640901,1,1,1,1,1,complete three-source intersection
25005641000,1,1,1,1,1,complete three-source intersection
25005641101,1,1,1,1,1,complete three-source intersection
25005641200,1,1,1,1,1,complete three-source intersection
25005641300,1,1,1,1,1,complete three-source intersection
25005641400,1,1,1,1,1,complete three-source intersection
25005641500,1,1,1,1,1,complete three-source intersection
25005641600,1,1,1,1,1,complete three-source intersection
25005641700,1,1,1,1,1,complete three-source intersection
25005641800,1,1,1,1,1,complete three-source intersection
25005641900,1,1,1,1,1,complete three-source intersection
25005642000,1,1,1,1,1,complete three-source intersection
25005642100,1,1,1,1,1,complete three-source intersection
25005642200,1,1,1,1,1,complete three-source intersection
25005642300,1,1,1,1,1,complete three-source intersection
25005642400,1,1,1,1,1,complete three-source intersection
25005642500,1,1,1,1,1,complete three-source intersection
25005644101,1,1,1,1,1,complete three-source intersection
25005644102,1,1,1,1,1,complete three-source intersection
25005644200,1,1,1,1,1,complete three-source intersection
25005645101,1,1,1,1,1,complete three-source intersection
25005645102,1,1,1,1,1,complete three-source intersection
25005645103,1,1,1,1,1,complete three-source intersection
25005646101,1,1,1,1,1,complete three-source intersection
25005646103,1,1,1,1,1,complete three-source intersection
25005646104,1,1,1,1,1,complete three-source intersection
25005650101,1,1,1,1,1,complete three-source intersection
25005650102,1,1,1,1,1,complete three-source intersection
25005650201,1,1,1,1,1,complete three-source intersection
25005650202,1,1,1,1,1,complete three-source intersection
25005650300,1,1,1,1,1,complete three-source intersection
25005650400,1,1,1,1,1,complete three-source intersection
25005650500,1,1,1,1,1,complete three-source intersection
25005650600,1,1,1,1,1,complete three-source intersection
25005650700,1,1,1,1,1,complete three-source intersection
25005650800,1,1,1,1,1,complete three-source intersection
25005650900,1,1,1,1,1,complete three-source intersection
25005651001,1,1,1,1,1,complete three-source intersection
25005651002,1,1,1,1,1,complete three-source intersection
25005651100,1,1,1,1,1,complete three-source intersection
25005651200,1,1,1,1,1,complete three-source intersection
25005651300,1,1,1,1,1,complete three-source intersection
25005651400,1,1,1,1,1,complete three-source intersection
25005651500,1,1,1,1,1,complete three-source intersection
25005651600,1,1,1,1,1,complete three-source intersection
25005651700,1,1,1,1,1,complete three-source intersection
25005651800,1,1,1,1,1,complete three-source intersection
25005651900,1,1,1,1,1,complete three-source intersection
25005652000,1,1,1,1,1,complete three-source intersection
25005652100,1,1,1,1,1,complete three-source intersection
25005652200,1,1,1,1,1,complete three-source intersection
25005652300,1,1,1,1,1,complete three-source intersection
25005652400,1,1,1,1,1,complete three-source intersection
25005652500,1,1,1,1,1,complete three-source intersection
25005652600,1,1,1,1,1,complete three-source intersection
25005652700,1,1,1,1,1,complete three-source intersection
25005652800,1,1,1,1,1,complete three-source intersection
25005653101,1,1,1,1,1,complete three-source intersection
25005653102,1,1,1,1,1,complete three-source intersection
25005653203,1,1,1,1,1,complete three-source intersection
25005653204,1,1,1,1,1,complete three-source intersection
25005653301,1,1,1,1,1,complete three-source intersection
25005653304,1,1,1,1,1,complete three-source intersection
25005654100,1,1,1,1,1,complete three-source intersection
25005654200,1,1,1,1,1,complete three-source intersection
25005655100,1,1,1,1,1,complete three-source intersection
25005655200,1,1,1,1,1,complete three-source intersection
25005655300,1,1,1,1,1,complete three-source intersection
25005655400,1,1,1,1,1,complete three-source intersection
25005985500,1,1,1,1,1,complete three-source intersection
25005985600,1,1,1,1,1,complete three-source intersection
25005990000,1,0,0,0,0,ACS only; no PLACES or SVI row
25007200100,1,1,1,1,1,complete three-source intersection
25007200200,1,1,1,1,1,complete three-source intersection
25007200300,1,1,1,1,1,complete three-source intersection
25007200400,1,1,1,1,1,complete three-source intersection
25007990000,1,0,0,0,0,ACS only; no PLACES or SVI row
25009201100,1,1,1,1,1,complete three-source intersection
25009202101,1,1,1,1,1,complete three-source intersection
25009202103,1,1,1,1,1,complete three-source intersection
25009202104,1,1,1,1,1,complete three-source intersection
25009202200,1,1,1,1,1,complete three-source intersection
25009203100,1,1,1,1,1,complete three-source intersection
25009203200,1,1,1,1,1,complete three-source intersection
25009203301,1,1,1,1,1,complete three-source intersection
25009203302,1,1,1,1,1,complete three-source intersection
25009204101,1,1,1,1,1,complete three-source intersection
25009204102,1,1,1,1,1,complete three-source intersection
25009204200,1,1,1,1,1,complete three-source intersection
25009204300,1,1,1,1,1,complete three-source intersection
25009204400,1,1,1,1,1,complete three-source intersection
25009204500,1,1,1,1,1,complete three-source intersection
25009204600,1,1,1,1,1,complete three-source intersection
25009204701,1,1,1,1,1,complete three-source intersection
25009204702,1,1,1,1,1,complete three-source intersection
25009205100,1,1,1,1,1,complete three-source intersection
25009205200,1,1,1,1,1,complete three-source intersection
25009205300,1,1,1,1,1,complete three-source intersection
25009205400,1,1,1,1,1,complete three-source intersection
25009205500,1,1,1,1,1,complete three-source intersection
25009205600,1,1,1,1,1,complete three-source intersection
25009205700,1,1,1,1,1,complete three-source intersection
25009205800,1,1,1,1,1,complete three-source intersection
25009205900,1,1,1,1,1,complete three-source intersection
25009206000,1,1,1,1,1,complete three-source intersection
25009206100,1,1,1,1,1,complete three-source intersection
25009206200,1,1,1,1,1,complete three-source intersection
25009206300,1,1,1,1,1,complete three-source intersection
25009206400,1,1,1,1,1,complete three-source intersection
25009206500,1,1,1,1,1,complete three-source intersection
25009206600,1,1,1,1,1,complete three-source intersection
25009206700,1,1,1,1,1,complete three-source intersection
25009206800,1,1,1,1,1,complete three-source intersection
25009206900,1,1,1,1,1,complete three-source intersection
25009207000,1,1,1,1,1,complete three-source intersection
25009207100,1,1,1,1,1,complete three-source intersection
25009207200,1,1,1,1,1,complete three-source intersection
25009208101,1,1,1,1,1,complete three-source intersection
25009208102,1,1,1,1,1,complete three-source intersection
25009208200,1,1,1,1,1,complete three-source intersection
25009208301,1,1,1,1,1,complete three-source intersection
25009208302,1,1,1,1,1,complete three-source intersection
25009208401,1,1,1,1,1,complete three-source intersection
25009208402,1,1,1,1,1,complete three-source intersection
25009209100,1,1,1,1,1,complete three-source intersection
25009209200,1,1,1,1,1,complete three-source intersection
25009210100,1,1,1,1,1,complete three-source intersection
25009210200,1,1,1,1,1,complete three-source intersection
25009210301,1,1,1,1,1,complete three-source intersection
25009210302,1,1,1,1,1,complete three-source intersection
25009210401,1,1,1,1,1,complete three-source intersection
25009210402,1,1,1,1,1,complete three-source intersection
25009210500,1,1,1,1,1,complete three-source intersection
25009210600,1,1,1,1,1,complete three-source intersection
25009210700,1,1,1,1,1,complete three-source intersection
25009210800,1,1,1,1,1,complete three-source intersection
25009210900,1,1,1,1,1,complete three-source intersection
25009211100,1,1,1,1,1,complete three-source intersection
25009211201,1,1,1,1,1,complete three-source intersection
25009211202,1,1,1,1,1,complete three-source intersection
25009211300,1,1,1,1,1,complete three-source intersection
25009211401,1,1,1,1,1,complete three-source intersection
25009211402,1,1,1,1,1,complete three-source intersection
25009212101,1,1,1,1,1,complete three-source intersection
25009212102,1,1,1,1,1,complete three-source intersection
25009213100,1,1,1,1,1,complete three-source intersection
25009214100,1,1,1,1,1,complete three-source intersection
25009215101,1,1,1,1,1,complete three-source intersection
25009215102,1,1,1,1,1,complete three-source intersection
25009216100,1,1,1,1,1,complete three-source intersection
25009217101,1,1,1,1,1,complete three-source intersection
25009217102,1,1,1,1,1,complete three-source intersection
25009217201,1,1,1,1,1,complete three-source intersection
25009217202,1,1,1,1,1,complete three-source intersection
25009217300,1,1,1,1,1,complete three-source intersection
25009217401,1,1,1,1,1,complete three-source intersection
25009217402,1,1,1,1,1,complete three-source intersection
25009217500,1,1,1,1,1,complete three-source intersection
25009217601,1,1,1,1,1,complete three-source intersection
25009217602,1,1,1,1,1,complete three-source intersection
25009218100,1,1,1,1,1,complete three-source intersection
25009220101,1,1,1,1,1,complete three-source intersection
25009220102,1,1,1,1,1,complete three-source intersection
25009221100,1,1,1,1,1,complete three-source intersection
25009221300,1,1,1,1,1,complete three-source intersection
25009221400,1,1,1,1,1,complete three-source intersection
25009221500,1,1,1,1,1,complete three-source intersection
25009221600,1,1,1,1,1,complete three-source intersection
25009221700,1,1,1,1,1,complete three-source intersection
25009221800,1,1,1,1,1,complete three-source intersection
25009221901,1,1,1,1,1,complete three-source intersection
25009221902,1,1,1,1,1,complete three-source intersection
25009222100,1,1,1,1,1,complete three-source intersection
25009223100,1,1,1,1,1,complete three-source intersection
25009223200,1,1,1,1,1,complete three-source intersection
25009223300,1,1,1,1,1,complete three-source intersection
25009250100,1,1,1,1,1,complete three-source intersection
25009250200,1,1,1,1,1,complete three-source intersection
25009250300,1,1,1,1,1,complete three-source intersection
25009250400,1,1,1,1,1,complete three-source intersection
25009250500,1,1,1,1,1,complete three-source intersection
25009250600,1,1,1,1,1,complete three-source intersection
25009250700,1,1,1,1,1,complete three-source intersection
25009250800,1,1,1,1,1,complete three-source intersection
25009250900,1,1,1,1,1,complete three-source intersection
25009251000,1,1,1,1,1,complete three-source intersection
25009251100,1,1,1,1,1,complete three-source intersection
25009251200,1,1,1,1,1,complete three-source intersection
25009251300,1,1,1,1,1,complete three-source intersection
25009251400,1,1,1,1,1,complete three-source intersection
25009251500,1,1,1,1,1,complete three-source intersection
25009251600,1,1,1,1,1,complete three-source intersection
25009251700,1,1,1,1,1,complete three-source intersection
25009251800,1,1,1,1,1,complete three-source intersection
25009252101,1,1,1,1,1,complete three-source intersection
25009252102,1,1,1,1,1,complete three-source intersection
25009252201,1,1,1,1,1,complete three-source intersection
25009252202,1,1,1,1,1,complete three-source intersection
25009252300,1,1,1,1,1,complete three-source intersection
25009252400,1,1,1,1,1,complete three-source intersection
25009252501,1,1,1,1,1,complete three-source intersection
25009252502,1,1,1,1,1,complete three-source intersection
25009252601,1,1,1,1,1,complete three-source intersection
25009252602,1,1,1,1,1,complete three-source intersection
25009252603,1,1,1,1,1,complete three-source intersection
25009253100,1,1,1,1,1,complete three-source intersection
25009253201,1,1,1,1,1,complete three-source intersection
25009253202,1,1,1,1,1,complete three-source intersection
25009253203,1,1,1,1,1,complete three-source intersection
25009253204,1,1,1,1,1,complete three-source intersection
25009253205,1,1,1,1,1,complete three-source intersection
25009254100,1,1,1,1,1,complete three-source intersection
25009254200,1,1,1,1,1,complete three-source intersection
25009254301,1,1,1,1,1,complete three-source intersection
25009254302,1,1,1,1,1,complete three-source intersection
25009254401,1,1,1,1,1,complete three-source intersection
25009254402,1,1,1,1,1,complete three-source intersection
25009254403,1,1,1,1,1,complete three-source intersection
25009260100,1,1,1,1,1,complete three-source intersection
25009260200,1,1,1,1,1,complete three-source intersection
25009260301,1,1,1,1,1,complete three-source intersection
25009260302,1,1,1,1,1,complete three-source intersection
25009260401,1,1,1,1,1,complete three-source intersection
25009260402,1,1,1,1,1,complete three-source intersection
25009260500,1,1,1,1,1,complete three-source intersection
25009260600,1,1,1,1,1,complete three-source intersection
25009260700,1,1,1,1,1,complete three-source intersection
25009260800,1,1,1,1,1,complete three-source intersection
25009260900,1,1,1,1,1,complete three-source intersection
25009261000,1,1,1,1,1,complete three-source intersection
25009261101,1,1,1,1,1,complete three-source intersection
25009261102,1,1,1,1,1,complete three-source intersection
25009262100,1,1,1,1,1,complete three-source intersection
25009263100,1,1,1,1,1,complete three-source intersection
25009264100,1,1,1,1,1,complete three-source intersection
25009265101,1,1,1,1,1,complete three-source intersection
25009265102,1,1,1,1,1,complete three-source intersection
25009266100,1,1,1,1,1,complete three-source intersection
25009266200,1,1,1,1,1,complete three-source intersection
25009266300,1,1,1,1,1,complete three-source intersection
25009266400,1,1,1,1,1,complete three-source intersection
25009267102,1,1,1,1,1,complete three-source intersection
25009267103,1,1,1,1,1,complete three-source intersection
25009267104,1,1,1,1,1,complete three-source intersection
25009268100,1,1,1,1,1,complete three-source intersection
25009268200,1,1,1,1,1,complete three-source intersection
25009268300,1,1,1,1,1,complete three-source intersection
25009268400,1,1,1,1,1,complete three-source intersection
25009269100,1,1,1,1,1,complete three-source intersection
25009270100,1,1,1,1,1,complete three-source intersection
25009990100,1,0,0,0,0,ACS only; no PLACES or SVI row
25011040100,1,1,1,1,1,complete three-source intersection
25011040200,1,1,1,1,1,complete three-source intersection
25011040300,1,1,1,1,1,complete three-source intersection
25011040400,1,1,1,1,1,complete three-source intersection
25011040501,1,1,1,1,1,complete three-source intersection
25011040502,1,1,1,1,1,complete three-source intersection
25011040600,1,1,1,1,1,complete three-source intersection
25011040701,1,1,1,1,1,complete three-source intersection
25011040702,1,1,1,1,1,complete three-source intersection
25011040800,1,1,1,1,1,complete three-source intersection
25011040900,1,1,1,1,1,complete three-source intersection
25011041000,1,1,1,1,1,complete three-source intersection
25011041100,1,1,1,1,1,complete three-source intersection
25011041200,1,1,1,1,1,complete three-source intersection
25011041301,1,1,1,1,1,complete three-source intersection
25011041302,1,1,1,1,1,complete three-source intersection
25011041400,1,1,1,1,1,complete three-source intersection
25011041501,1,1,1,1,1,complete three-source intersection
25011041502,1,1,1,1,1,complete three-source intersection
25013800101,1,1,1,1,1,complete three-source intersection
25013800102,1,1,1,1,1,complete three-source intersection
25013800201,1,1,1,1,1,complete three-source intersection
25013800202,1,1,1,1,1,complete three-source intersection
25013800300,1,1,1,1,1,complete three-source intersection
25013800400,1,1,1,1,1,complete three-source intersection
25013800500,1,1,1,1,1,complete three-source intersection
25013800600,1,1,1,1,1,complete three-source intersection
25013800700,1,1,1,1,1,complete three-source intersection
25013800800,1,1,1,1,1,complete three-source intersection
25013800900,1,1,1,1,1,complete three-source intersection
25013801101,1,1,1,1,1,complete three-source intersection
25013801102,1,1,1,1,1,complete three-source intersection
25013801200,1,1,1,1,1,complete three-source intersection
25013801300,1,1,1,1,1,complete three-source intersection
25013801401,1,1,1,1,1,complete three-source intersection
25013801402,1,1,1,1,1,complete three-source intersection
25013801501,1,1,1,1,1,complete three-source intersection
25013801502,1,1,1,1,1,complete three-source intersection
25013801503,1,1,1,1,1,complete three-source intersection
25013801601,1,1,1,1,1,complete three-source intersection
25013801602,1,1,1,1,1,complete three-source intersection
25013801603,1,1,1,1,1,complete three-source intersection
25013801604,1,1,1,1,1,complete three-source intersection
25013801605,1,1,1,1,1,complete three-source intersection
25013801700,1,1,1,1,1,complete three-source intersection
25013801800,1,1,1,1,1,complete three-source intersection
25013801901,1,1,1,1,1,complete three-source intersection
25013801902,1,1,1,1,1,complete three-source intersection
25013802000,1,1,1,1,1,complete three-source intersection
25013802101,1,1,1,1,1,complete three-source intersection
25013802200,1,1,1,1,1,complete three-source intersection
25013802300,1,1,1,1,1,complete three-source intersection
25013802400,1,1,1,1,1,complete three-source intersection
25013802500,1,1,1,1,1,complete three-source intersection
25013802601,1,1,1,1,1,complete three-source intersection
25013802602,1,1,1,1,1,complete three-source intersection
25013810100,1,1,1,1,1,complete three-source intersection
25013810200,1,1,1,1,1,complete three-source intersection
25013810300,1,1,1,1,1,complete three-source intersection
25013810403,1,1,1,1,1,complete three-source intersection
25013810404,1,1,1,1,1,complete three-source intersection
25013810412,1,1,1,1,1,complete three-source intersection
25013810414,1,1,1,1,1,complete three-source intersection
25013810601,1,1,1,1,1,complete three-source intersection
25013810602,1,1,1,1,1,complete three-source intersection
25013810700,1,1,1,1,1,complete three-source intersection
25013810800,1,1,1,1,1,complete three-source intersection
25013810901,1,1,1,1,1,complete three-source intersection
25013810902,1,1,1,1,1,complete three-source intersection
25013811000,1,1,1,1,1,complete three-source intersection
25013811101,1,1,1,1,1,complete three-source intersection
25013811102,1,1,1,1,1,complete three-source intersection
25013811200,1,1,1,1,1,complete three-source intersection
25013811301,1,1,1,1,1,complete three-source intersection
25013811302,1,1,1,1,1,complete three-source intersection
25013811400,1,1,1,1,1,complete three-source intersection
25013811500,1,1,1,1,1,complete three-source intersection
25013811600,1,1,1,1,1,complete three-source intersection
25013811700,1,1,1,1,1,complete three-source intersection
25013811800,1,1,1,1,1,complete three-source intersection
25013811900,1,1,1,1,1,complete three-source intersection
25013812001,1,1,1,1,1,complete three-source intersection
25013812002,1,1,1,1,1,complete three-source intersection
25013812101,1,1,1,1,1,complete three-source intersection
25013812103,1,1,1,1,1,complete three-source intersection
25013812104,1,1,1,1,1,complete three-source intersection
25013812201,1,1,1,1,1,complete three-source intersection
25013812202,1,1,1,1,1,complete three-source intersection
25013812300,1,1,1,1,1,complete three-source intersection
25013812401,1,1,1,1,1,complete three-source intersection
25013812403,1,1,1,1,1,complete three-source intersection
25013812404,1,1,1,1,1,complete three-source intersection
25013812500,1,1,1,1,1,complete three-source intersection
25013812600,1,1,1,1,1,complete three-source intersection
25013812701,1,1,1,1,1,complete three-source intersection
25013812702,1,1,1,1,1,complete three-source intersection
25013812800,1,1,1,1,1,complete three-source intersection
25013812901,1,1,1,1,1,complete three-source intersection
25013812902,1,1,1,1,1,complete three-source intersection
25013812903,1,1,1,1,1,complete three-source intersection
25013813001,1,1,1,1,1,complete three-source intersection
25013813002,1,1,1,1,1,complete three-source intersection
25013813101,1,1,1,1,1,complete three-source intersection
25013813102,1,1,1,1,1,complete three-source intersection
25013813204,1,1,1,1,1,complete three-source intersection
25013813205,1,1,1,1,1,complete three-source intersection
25013813206,1,1,1,1,1,complete three-source intersection
25013813207,1,1,1,1,1,complete three-source intersection
25013813208,1,1,1,1,1,complete three-source intersection
25013813209,1,1,1,1,1,complete three-source intersection
25013813301,1,1,1,1,1,complete three-source intersection
25013813303,1,1,1,1,1,complete three-source intersection
25013813304,1,1,1,1,1,complete three-source intersection
25013813401,1,1,1,1,1,complete three-source intersection
25013813403,1,1,1,1,1,complete three-source intersection
25013813404,1,1,1,1,1,complete three-source intersection
25013813500,1,1,1,1,1,complete three-source intersection
25013813601,1,1,1,1,1,complete three-source intersection
25013813602,1,1,1,1,1,complete three-source intersection
25013813701,1,1,1,1,1,complete three-source intersection
25013813702,1,1,1,1,1,complete three-source intersection
25013813801,1,1,1,1,1,complete three-source intersection
25013813802,1,1,1,1,1,complete three-source intersection
25015820101,1,1,1,1,1,complete three-source intersection
25015820102,1,1,1,1,1,complete three-source intersection
25015820205,1,1,1,1,1,complete three-source intersection
25015820206,1,1,1,1,1,complete three-source intersection
25015820207,1,1,1,1,1,complete three-source intersection
25015820300,1,1,1,1,1,complete three-source intersection
25015820400,1,1,1,1,1,complete three-source intersection
25015820500,1,1,1,1,1,complete three-source intersection
25015820600,1,1,1,1,1,complete three-source intersection
25015820700,1,1,1,1,1,complete three-source intersection
25015820801,1,1,1,1,1,complete three-source intersection
25015820802,1,1,1,1,1,complete three-source intersection
25015820900,1,1,1,1,1,complete three-source intersection
25015821000,1,1,1,1,1,complete three-source intersection
25015821101,1,1,1,1,1,complete three-source intersection
25015821200,1,1,1,1,1,complete three-source intersection
25015821300,1,1,1,1,1,complete three-source intersection
25015821400,1,1,1,1,1,complete three-source intersection
25015821500,1,1,1,1,1,complete three-source intersection
25015821601,1,1,1,1,1,complete three-source intersection
25015821602,1,1,1,1,1,complete three-source intersection
25015821700,1,1,1,1,1,complete three-source intersection
25015821901,1,1,1,1,1,complete three-source intersection
25015821903,1,1,1,1,1,complete three-source intersection
25015821904,1,1,1,1,1,complete three-source intersection
25015822000,1,1,1,1,1,complete three-source intersection
25015822200,1,1,1,1,1,complete three-source intersection
25015822300,1,1,1,1,1,complete three-source intersection
25015822401,1,1,1,1,1,complete three-source intersection
25015822402,1,1,1,1,1,complete three-source intersection
25015822500,1,1,1,1,1,complete three-source intersection
25015822601,1,1,1,1,1,complete three-source intersection
25015822603,1,1,1,1,1,complete three-source intersection
25015822607,1,1,1,1,1,complete three-source intersection
25015822700,1,1,1,1,1,complete three-source intersection
25017300100,1,1,1,1,1,complete three-source intersection
25017301101,1,1,1,1,1,complete three-source intersection
25017301102,1,1,1,1,1,complete three-source intersection
25017310101,1,1,1,1,1,complete three-source intersection
25017310102,1,1,1,1,1,complete three-source intersection
25017310200,1,1,1,1,1,complete three-source intersection
25017310300,1,1,1,1,1,complete three-source intersection
25017310400,1,1,1,1,1,complete three-source intersection
25017310500,1,1,1,1,1,complete three-source intersection
25017310601,1,1,1,1,1,complete three-source intersection
25017310602,1,1,1,1,1,complete three-source intersection
25017310700,1,1,1,1,1,complete three-source intersection
25017311100,1,1,1,1,1,complete three-source intersection
25017311200,1,1,1,1,1,complete three-source intersection
25017311300,1,1,1,1,1,complete three-source intersection
25017311400,1,1,1,1,1,complete three-source intersection
25017311500,1,1,1,1,1,complete three-source intersection
25017311600,1,1,1,1,1,complete three-source intersection
25017311700,1,1,1,1,1,complete three-source intersection
25017311800,1,1,1,1,1,complete three-source intersection
25017311900,1,1,1,1,1,complete three-source intersection
25017312000,1,1,1,1,1,complete three-source intersection
25017312100,1,1,1,1,1,complete three-source intersection
25017312200,1,1,1,1,1,complete three-source intersection
25017312300,1,1,1,1,1,complete three-source intersection
25017312400,1,1,1,1,1,complete three-source intersection
25017312501,1,1,1,1,1,complete three-source intersection
25017312502,1,1,1,1,1,complete three-source intersection
25017313101,1,1,1,1,1,complete three-source intersection
25017313102,1,1,1,1,1,complete three-source intersection
25017314101,1,1,1,1,1,complete three-source intersection
25017314102,1,1,1,1,1,complete three-source intersection
25017314200,1,1,1,1,1,complete three-source intersection
25017314301,1,1,1,1,1,complete three-source intersection
25017314302,1,1,1,1,1,complete three-source intersection
25017315100,1,1,1,1,1,complete three-source intersection
25017315200,1,1,1,1,1,complete three-source intersection
25017315401,1,1,1,1,1,complete three-source intersection
25017315402,1,1,1,1,1,complete three-source intersection
25017315403,1,1,1,1,1,complete three-source intersection
25017315500,1,1,1,1,1,complete three-source intersection
25017316101,1,1,1,1,1,complete three-source intersection
25017316102,1,1,1,1,1,complete three-source intersection
25017316201,1,1,1,1,1,complete three-source intersection
25017316202,1,1,1,1,1,complete three-source intersection
25017316300,1,1,1,1,1,complete three-source intersection
25017316400,1,1,1,1,1,complete three-source intersection
25017316500,1,1,1,1,1,complete three-source intersection
25017317101,1,1,1,1,1,complete three-source intersection
25017317102,1,1,1,1,1,complete three-source intersection
25017317103,1,1,1,1,1,complete three-source intersection
25017317201,1,1,1,1,1,complete three-source intersection
25017317202,1,1,1,1,1,complete three-source intersection
25017317203,1,1,1,1,1,complete three-source intersection
25017317301,1,1,1,1,1,complete three-source intersection
25017317302,1,1,1,1,1,complete three-source intersection
25017318100,1,1,1,1,1,complete three-source intersection
25017318200,1,1,1,1,1,complete three-source intersection
25017318300,1,1,1,1,1,complete three-source intersection
25017318400,1,1,1,1,1,complete three-source intersection
25017320102,1,1,1,1,1,complete three-source intersection
25017320105,1,1,1,1,1,complete three-source intersection
25017320106,1,1,1,1,1,complete three-source intersection
25017320107,1,1,1,1,1,complete three-source intersection
25017321100,1,1,1,1,1,complete three-source intersection
25017321200,1,1,1,1,1,complete three-source intersection
25017321301,1,1,1,1,1,complete three-source intersection
25017321302,1,1,1,1,1,complete three-source intersection
25017321400,1,1,1,1,1,complete three-source intersection
25017321500,1,1,1,1,1,complete three-source intersection
25017321600,1,1,1,1,1,complete three-source intersection
25017322100,1,1,1,1,1,complete three-source intersection
25017322200,1,1,1,1,1,complete three-source intersection
25017322300,1,1,1,1,1,complete three-source intersection
25017322400,1,1,1,1,1,complete three-source intersection
25017323101,1,1,1,1,1,complete three-source intersection
25017323102,1,1,1,1,1,complete three-source intersection
25017324101,1,1,1,1,1,complete three-source intersection
25017324102,1,1,1,1,1,complete three-source intersection
25017325101,1,1,1,1,1,complete three-source intersection
25017325102,1,1,1,1,1,complete three-source intersection
25017326101,1,1,1,1,1,complete three-source intersection
25017326102,1,1,1,1,1,complete three-source intersection
25017327101,1,1,1,1,1,complete three-source intersection
25017327102,1,1,1,1,1,complete three-source intersection
25017327103,1,1,1,1,1,complete three-source intersection
25017328100,1,1,1,1,1,complete three-source intersection
25017330101,1,1,1,1,1,complete three-source intersection
25017330102,1,1,1,1,1,complete three-source intersection
25017330201,1,1,1,1,1,complete three-source intersection
25017330202,1,1,1,1,1,complete three-source intersection
25017331101,1,1,1,1,1,complete three-source intersection
25017331102,1,1,1,1,1,complete three-source intersection
25017331200,1,1,1,1,1,complete three-source intersection
25017331300,1,1,1,1,1,complete three-source intersection
25017332100,1,1,1,1,1,complete three-source intersection
25017332201,1,1,1,1,1,complete three-source intersection
25017332202,1,1,1,1,1,complete three-source intersection
25017332300,1,1,1,1,1,complete three-source intersection
25017332401,1,1,1,1,1,complete three-source intersection
25017332402,1,1,1,1,1,complete three-source intersection
25017333100,1,1,1,1,1,complete three-source intersection
25017333200,1,1,1,1,1,complete three-source intersection
25017333300,1,1,1,1,1,complete three-source intersection
25017333400,1,1,1,1,1,complete three-source intersection
25017333501,1,1,1,1,1,complete three-source intersection
25017333502,1,1,1,1,1,complete three-source intersection
25017333601,1,1,1,1,1,complete three-source intersection
25017333602,1,1,1,1,1,complete three-source intersection
25017334100,1,1,1,1,1,complete three-source intersection
25017334200,1,1,1,1,1,complete three-source intersection
25017334300,1,1,1,1,1,complete three-source intersection
25017334400,1,1,1,1,1,complete three-source intersection
25017335100,1,1,1,1,1,complete three-source intersection
25017335200,1,1,1,1,1,complete three-source intersection
25017335301,1,1,1,1,1,complete three-source intersection
25017335302,1,1,1,1,1,complete three-source intersection
25017335400,1,1,1,1,1,complete three-source intersection
25017336100,1,1,1,1,1,complete three-source intersection
25017336201,1,1,1,1,1,complete three-source intersection
25017336202,1,1,1,1,1,complete three-source intersection
25017336300,1,1,1,1,1,complete three-source intersection
25017336402,1,1,1,1,1,complete three-source intersection
25017336403,1,1,1,1,1,complete three-source intersection
25017336404,1,1,1,1,1,complete three-source intersection
25017337101,1,1,1,1,1,complete three-source intersection
25017337102,1,1,1,1,1,complete three-source intersection
25017337201,1,1,1,1,1,complete three-source intersection
25017337202,1,1,1,1,1,complete three-source intersection
25017337300,1,1,1,1,1,complete three-source intersection
25017338100,1,1,1,1,1,complete three-source intersection
25017338200,1,1,1,1,1,complete three-source intersection
25017338300,1,1,1,1,1,complete three-source intersection
25017338400,1,1,1,1,1,complete three-source intersection
25017338500,1,1,1,1,1,complete three-source intersection
25017339101,1,1,1,1,1,complete three-source intersection
25017339102,1,1,1,1,1,complete three-source intersection
25017339200,1,1,1,1,1,complete three-source intersection
25017339300,1,1,1,1,1,complete three-source intersection
25017339400,1,1,1,1,1,complete three-source intersection
25017339500,1,1,1,1,1,complete three-source intersection
25017339600,1,1,1,1,1,complete three-source intersection
25017339700,1,1,1,1,1,complete three-source intersection
25017339802,1,1,1,1,1,complete three-source intersection
25017339803,1,1,1,1,1,complete three-source intersection
25017339804,1,1,1,1,1,complete three-source intersection
25017339900,1,1,1,1,1,complete three-source intersection
25017340000,1,1,1,1,1,complete three-source intersection
25017340100,1,1,1,1,1,complete three-source intersection
25017341101,1,1,1,1,1,complete three-source intersection
25017341102,1,1,1,1,1,complete three-source intersection
25017341200,1,1,1,1,1,complete three-source intersection
25017341301,1,1,1,1,1,complete three-source intersection
25017341302,1,1,1,1,1,complete three-source intersection
25017341400,1,1,1,1,1,complete three-source intersection
25017341500,1,1,1,1,1,complete three-source intersection
25017341600,1,1,1,1,1,complete three-source intersection
25017341700,1,1,1,1,1,complete three-source intersection
25017341800,1,1,1,1,1,complete three-source intersection
25017341901,1,1,1,1,1,complete three-source intersection
25017341903,1,1,1,1,1,complete three-source intersection
25017341904,1,1,1,1,1,complete three-source intersection
25017342101,1,1,1,1,1,complete three-source intersection
25017342102,1,1,1,1,1,complete three-source intersection
25017342201,1,1,1,1,1,complete three-source intersection
25017342202,1,1,1,1,1,complete three-source intersection
25017342301,1,1,1,1,1,complete three-source intersection
25017342302,1,1,1,1,1,complete three-source intersection
25017342401,1,1,1,1,1,complete three-source intersection
25017342402,1,1,1,1,1,complete three-source intersection
25017342501,1,1,1,1,1,complete three-source intersection
25017342502,1,1,1,1,1,complete three-source intersection
25017342600,1,1,1,1,1,complete three-source intersection
25017350105,1,1,1,1,1,complete three-source intersection
25017350106,1,1,1,1,1,complete three-source intersection
25017350107,1,1,1,1,1,complete three-source intersection
25017350108,1,1,1,1,1,complete three-source intersection
25017350109,1,1,1,1,1,complete three-source intersection
25017350201,1,1,1,1,1,complete three-source intersection
25017350202,1,1,1,1,1,complete three-source intersection
25017350300,1,1,1,1,1,complete three-source intersection
25017350400,1,1,1,1,1,complete three-source intersection
25017350500,1,1,1,1,1,complete three-source intersection
25017350600,1,1,1,1,1,complete three-source intersection
25017350701,1,1,1,1,1,complete three-source intersection
25017350702,1,1,1,1,1,complete three-source intersection
25017350800,1,1,1,1,1,complete three-source intersection
25017350900,1,1,1,1,1,complete three-source intersection
25017351001,1,1,1,1,1,complete three-source intersection
25017351002,1,1,1,1,1,complete three-source intersection
25017351101,1,1,1,1,1,complete three-source intersection
25017351102,1,1,1,1,1,complete three-source intersection
25017351203,1,1,1,1,1,complete three-source intersection
25017351204,1,1,1,1,1,complete three-source intersection
25017351300,1,1,1,1,1,complete three-source intersection
25017351403,1,1,1,1,1,complete three-source intersection
25017351404,1,1,1,1,1,complete three-source intersection
25017351500,1,1,1,1,1,complete three-source intersection
25017352101,1,1,1,1,1,complete three-source intersection
25017352102,1,1,1,1,1,complete three-source intersection
25017352200,1,1,1,1,1,complete three-source intersection
25017352300,1,1,1,1,1,complete three-source intersection
25017352400,1,1,1,1,1,complete three-source intersection
25017352500,1,1,1,1,1,complete three-source intersection
25017352600,1,1,1,1,1,complete three-source intersection
25017352700,1,1,1,1,1,complete three-source intersection
25017352800,1,1,1,1,1,complete three-source intersection
25017352900,1,1,1,1,1,complete three-source intersection
25017353000,1,1,1,1,1,complete three-source intersection
25017353101,1,1,1,1,1,complete three-source intersection
25017353102,1,1,1,1,1,complete three-source intersection
25017353200,1,1,1,1,1,complete three-source intersection
25017353300,1,1,1,1,1,complete three-source intersection
25017353600,1,1,1,1,1,complete three-source intersection
25017353700,1,1,1,1,1,complete three-source intersection
25017353800,1,1,1,1,1,complete three-source intersection
25017353900,1,1,1,1,1,complete three-source intersection
25017354000,1,1,1,1,1,complete three-source intersection
25017354100,1,1,1,1,1,complete three-source intersection
25017354200,1,1,1,1,1,complete three-source intersection
25017354300,1,1,1,1,1,complete three-source intersection
25017354400,1,1,1,1,1,complete three-source intersection
25017354500,1,1,1,1,1,complete three-source intersection
25017354601,1,1,1,1,1,complete three-source intersection
25017354602,1,1,1,1,1,complete three-source intersection
25017354700,1,1,1,1,1,complete three-source intersection
25017354800,1,1,1,1,1,complete three-source intersection
25017354901,1,1,1,1,1,complete three-source intersection
25017354902,1,1,1,1,1,complete three-source intersection
25017355000,1,1,1,1,1,complete three-source intersection
25017356100,1,1,1,1,1,complete three-source intersection
25017356300,1,1,1,1,1,complete three-source intersection
25017356400,1,1,1,1,1,complete three-source intersection
25017356500,1,1,1,1,1,complete three-source intersection
25017356601,1,1,1,1,1,complete three-source intersection
25017356602,1,1,1,1,1,complete three-source intersection
25017356701,1,1,1,1,1,complete three-source intersection
25017356703,1,1,1,1,1,complete three-source intersection
25017356704,1,1,1,1,1,complete three-source intersection
25017357100,1,1,1,1,1,complete three-source intersection
25017357200,1,1,1,1,1,complete three-source intersection
25017357300,1,1,1,1,1,complete three-source intersection
25017357400,1,1,1,1,1,complete three-source intersection
25017357500,1,1,1,1,1,complete three-source intersection
25017357600,1,1,1,1,1,complete three-source intersection
25017357700,1,1,1,1,1,complete three-source intersection
25017357800,1,1,1,1,1,complete three-source intersection
25017358100,1,1,1,1,1,complete three-source intersection
25017358300,1,1,1,1,1,complete three-source intersection
25017358400,1,1,1,1,1,complete three-source intersection
25017358500,1,1,1,1,1,complete three-source intersection
25017358600,1,1,1,1,1,complete three-source intersection
25017358700,1,1,1,1,1,complete three-source intersection
25017359100,1,1,1,1,1,complete three-source intersection
25017359301,1,0,1,0,0,ACS and SVI; no PLACES diabetes row
25017359302,1,0,1,0,0,ACS and SVI; no PLACES diabetes row
25017359303,1,1,1,1,1,complete three-source intersection
25017359400,1,1,1,1,1,complete three-source intersection
25017360300,1,1,1,1,1,complete three-source intersection
25017361100,1,1,1,1,1,complete three-source intersection
25017361200,1,1,1,1,1,complete three-source intersection
25017361300,1,1,1,1,1,complete three-source intersection
25017362100,1,1,1,1,1,complete three-source intersection
25017363103,1,1,1,1,1,complete three-source intersection
25017363104,1,1,1,1,1,complete three-source intersection
25017363105,1,1,1,1,1,complete three-source intersection
25017363106,1,1,1,1,1,complete three-source intersection
25017363201,1,1,1,1,1,complete three-source intersection
25017363202,1,1,1,1,1,complete three-source intersection
25017364101,1,1,1,1,1,complete three-source intersection
25017364102,1,1,1,1,1,complete three-source intersection
25017365100,1,1,1,1,1,complete three-source intersection
25017365201,1,1,1,1,1,complete three-source intersection
25017365202,1,1,1,1,1,complete three-source intersection
25017366100,1,1,1,1,1,complete three-source intersection
25017366201,1,1,1,1,1,complete three-source intersection
25017366202,1,1,1,1,1,complete three-source intersection
25017367100,1,1,1,1,1,complete three-source intersection
25017367200,1,1,1,1,1,complete three-source intersection
25017368101,1,1,1,1,1,complete three-source intersection
25017368102,1,1,1,1,1,complete three-source intersection
25017368200,1,1,1,1,1,complete three-source intersection
25017368300,1,1,1,1,1,complete three-source intersection
25017368400,1,1,1,1,1,complete three-source intersection
25017368500,1,1,1,1,1,complete three-source intersection
25017368600,1,1,1,1,1,complete three-source intersection
25017368700,1,1,1,1,1,complete three-source intersection
25017368800,1,1,1,1,1,complete three-source intersection
25017368901,1,1,1,1,1,complete three-source intersection
25017368902,1,1,1,1,1,complete three-source intersection
25017369000,1,1,1,1,1,complete three-source intersection
25017369100,1,1,1,1,1,complete three-source intersection
25017370101,1,1,1,1,1,complete three-source intersection
25017370103,1,1,1,1,1,complete three-source intersection
25017370104,1,1,1,1,1,complete three-source intersection
25017370201,1,1,1,1,1,complete three-source intersection
25017370202,1,1,1,1,1,complete three-source intersection
25017370301,1,1,1,1,1,complete three-source intersection
25017370302,1,1,1,1,1,complete three-source intersection
25017370401,1,1,1,1,1,complete three-source intersection
25017370402,1,1,1,1,1,complete three-source intersection
25017370403,1,1,1,1,1,complete three-source intersection
25017373100,1,1,1,1,1,complete three-source intersection
25017373200,1,1,1,1,1,complete three-source intersection
25017373300,1,1,1,1,1,complete three-source intersection
25017373400,1,1,1,1,1,complete three-source intersection
25017373500,1,1,1,1,1,complete three-source intersection
25017373600,1,1,1,1,1,complete three-source intersection
25017373700,1,1,1,1,1,complete three-source intersection
25017373800,1,1,1,1,1,complete three-source intersection
25017373901,1,1,1,1,1,complete three-source intersection
25017373902,1,1,1,1,1,complete three-source intersection
25017374000,1,1,1,1,1,complete three-source intersection
25017374100,1,1,1,1,1,complete three-source intersection
25017374200,1,1,1,1,1,complete three-source intersection
25017374300,1,1,1,1,1,complete three-source intersection
25017374400,1,1,1,1,1,complete three-source intersection
25017374500,1,1,1,1,1,complete three-source intersection
25017374600,1,1,1,1,1,complete three-source intersection
25017374700,1,1,1,1,1,complete three-source intersection
25017374800,1,1,1,1,1,complete three-source intersection
25017382100,1,1,1,1,1,complete three-source intersection
25017382200,1,1,1,1,1,complete three-source intersection
25017382300,1,1,1,1,1,complete three-source intersection
25017382400,1,1,1,1,1,complete three-source intersection
25017382500,1,1,1,1,1,complete three-source intersection
25017382601,1,1,1,1,1,complete three-source intersection
25017382602,1,1,1,1,1,complete three-source intersection
25017383101,1,1,1,1,1,complete three-source intersection
25017383102,1,1,1,1,1,complete three-source intersection
25017383200,1,1,1,1,1,complete three-source intersection
25017383300,1,1,1,1,1,complete three-source intersection
25017383401,1,1,1,1,1,complete three-source intersection
25017383402,1,1,1,1,1,complete three-source intersection
25017383501,1,1,1,1,1,complete three-source intersection
25017383502,1,1,1,1,1,complete three-source intersection
25017383600,1,1,1,1,1,complete three-source intersection
25017383700,1,1,1,1,1,complete three-source intersection
25017383800,1,1,1,1,1,complete three-source intersection
25017383902,1,1,1,1,1,complete three-source intersection
25017383903,1,1,1,1,1,complete three-source intersection
25017383904,1,1,1,1,1,complete three-source intersection
25017384003,1,1,1,1,1,complete three-source intersection
25017384004,1,1,1,1,1,complete three-source intersection
25017385101,1,1,1,1,1,complete three-source intersection
25017385102,1,1,1,1,1,complete three-source intersection
25017385201,1,1,1,1,1,complete three-source intersection
25017385203,1,1,1,1,1,complete three-source intersection
25017385204,1,1,1,1,1,complete three-source intersection
25017386100,1,1,1,1,1,complete three-source intersection
25017387100,1,1,1,1,1,complete three-source intersection
25017387201,1,1,1,1,1,complete three-source intersection
25017387202,1,1,1,1,1,complete three-source intersection
25017388100,1,1,1,1,1,complete three-source intersection
25017388200,1,1,1,1,1,complete three-source intersection
25017388300,1,1,1,1,1,complete three-source intersection
25017980000,1,0,1,0,0,ACS and SVI; no PLACES diabetes row
25019950100,1,1,1,1,1,complete three-source intersection
25019950201,1,1,1,1,1,complete three-source intersection
25019950202,1,1,1,1,1,complete three-source intersection
25019950307,1,1,1,1,1,complete three-source intersection
25019950400,1,1,1,1,1,complete three-source intersection
25019950500,1,1,1,1,1,complete three-source intersection
25019990000,1,0,0,0,0,ACS only; no PLACES or SVI row
25021400100,1,1,1,1,1,complete three-source intersection
25021400201,1,1,1,1,1,complete three-source intersection
25021400202,1,1,1,1,1,complete three-source intersection
25021400300,1,1,1,1,1,complete three-source intersection
25021400401,1,1,1,1,1,complete three-source intersection
25021400402,1,1,1,1,1,complete three-source intersection
25021400500,1,1,1,1,1,complete three-source intersection
25021400600,1,1,1,1,1,complete three-source intersection
25021400700,1,1,1,1,1,complete three-source intersection
25021400800,1,1,1,1,1,complete three-source intersection
25021400900,1,1,1,1,1,complete three-source intersection
25021401000,1,1,1,1,1,complete three-source intersection
25021401100,1,1,1,1,1,complete three-source intersection
25021401201,1,1,1,1,1,complete three-source intersection
25021401202,1,1,1,1,1,complete three-source intersection
25021402101,1,1,1,1,1,complete three-source intersection
25021402102,1,1,1,1,1,complete three-source intersection
25021402200,1,1,1,1,1,complete three-source intersection
25021402300,1,1,1,1,1,complete three-source intersection
25021402400,1,1,1,1,1,complete three-source intersection
25021402500,1,1,1,1,1,complete three-source intersection
25021403100,1,1,1,1,1,complete three-source intersection
25021403300,1,1,1,1,1,complete three-source intersection
25021403400,1,1,1,1,1,complete three-source intersection
25021403501,1,1,1,1,1,complete three-source intersection
25021403502,1,1,1,1,1,complete three-source intersection
25021404100,1,1,1,1,1,complete three-source intersection
25021404201,1,1,1,1,1,complete three-source intersection
25021404202,1,1,1,1,1,complete three-source intersection
25021404301,1,1,1,1,1,complete three-source intersection
25021404302,1,1,1,1,1,complete three-source intersection
25021404400,1,1,1,1,1,complete three-source intersection
25021405100,1,1,1,1,1,complete three-source intersection
25021406101,1,1,1,1,1,complete three-source intersection
25021406102,1,1,1,1,1,complete three-source intersection
25021407101,1,1,1,1,1,complete three-source intersection
25021407102,1,1,1,1,1,complete three-source intersection
25021408102,1,1,1,1,1,complete three-source intersection
25021408103,1,1,1,1,1,complete three-source intersection
25021408104,1,1,1,1,1,complete three-source intersection
25021409101,1,1,1,1,1,complete three-source intersection
25021409102,1,1,1,1,1,complete three-source intersection
25021410100,1,1,1,1,1,complete three-source intersection
25021410300,1,1,1,1,1,complete three-source intersection
25021410400,1,1,1,1,1,complete three-source intersection
25021411101,1,1,1,1,1,complete three-source intersection
25021411102,1,1,1,1,1,complete three-source intersection
25021411200,1,1,1,1,1,complete three-source intersection
25021411301,1,1,1,1,1,complete three-source intersection
25021411302,1,1,1,1,1,complete three-source intersection
25021412100,1,1,1,1,1,complete three-source intersection
25021412200,1,1,1,1,1,complete three-source intersection
25021412300,1,1,1,1,1,complete three-source intersection
25021413100,1,1,1,1,1,complete three-source intersection
25021413201,1,1,1,1,1,complete three-source intersection
25021413202,1,1,1,1,1,complete three-source intersection
25021413300,1,1,1,1,1,complete three-source intersection
25021413401,1,1,1,1,1,complete three-source intersection
25021413402,1,1,1,1,1,complete three-source intersection
25021413500,1,1,1,1,1,complete three-source intersection
25021414100,1,1,1,1,1,complete three-source intersection
25021414200,1,1,1,1,1,complete three-source intersection
25021414300,1,1,1,1,1,complete three-source intersection
25021415101,1,1,1,1,1,complete three-source intersection
25021415103,1,1,1,1,1,complete three-source intersection
25021415104,1,1,1,1,1,complete three-source intersection
25021415201,1,1,1,1,1,complete three-source intersection
25021415202,1,1,1,1,1,complete three-source intersection
25021415300,1,1,1,1,1,complete three-source intersection
25021416101,1,1,1,1,1,complete three-source intersection
25021416102,1,1,1,1,1,complete three-source intersection
25021416200,1,1,1,1,1,complete three-source intersection
25021416300,1,1,1,1,1,complete three-source intersection
25021416400,1,1,1,1,1,complete three-source intersection
25021417100,1,1,1,1,1,complete three-source intersection
25021417201,1,1,1,1,1,complete three-source intersection
25021417202,1,1,1,1,1,complete three-source intersection
25021417300,1,1,1,1,1,complete three-source intersection
25021417400,1,1,1,1,1,complete three-source intersection
25021417501,1,1,1,1,1,complete three-source intersection
25021417502,1,1,1,1,1,complete three-source intersection
25021417601,1,1,1,1,1,complete three-source intersection
25021417602,1,1,1,1,1,complete three-source intersection
25021417702,1,1,1,1,1,complete three-source intersection
25021417703,1,1,1,1,1,complete three-source intersection
25021417704,1,1,1,1,1,complete three-source intersection
25021417801,1,1,1,1,1,complete three-source intersection
25021417802,1,1,1,1,1,complete three-source intersection
25021417901,1,1,1,1,1,complete three-source intersection
25021417902,1,1,1,1,1,complete three-source intersection
25021418002,1,1,1,1,1,complete three-source intersection
25021418003,1,1,1,1,1,complete three-source intersection
25021418004,1,1,1,1,1,complete three-source intersection
25021418101,1,1,1,1,1,complete three-source intersection
25021418102,1,1,1,1,1,complete three-source intersection
25021418201,1,1,1,1,1,complete three-source intersection
25021419100,1,1,1,1,1,complete three-source intersection
25021419200,1,1,1,1,1,complete three-source intersection
25021419300,1,1,1,1,1,complete three-source intersection
25021419400,1,1,1,1,1,complete three-source intersection
25021419500,1,1,1,1,1,complete three-source intersection
25021419601,1,1,1,1,1,complete three-source intersection
25021419602,1,1,1,1,1,complete three-source intersection
25021419700,1,1,1,1,1,complete three-source intersection
25021419800,1,1,1,1,1,complete three-source intersection
25021420101,1,1,1,1,1,complete three-source intersection
25021420102,1,1,1,1,1,complete three-source intersection
25021420201,1,1,1,1,1,complete three-source intersection
25021420202,1,1,1,1,1,complete three-source intersection
25021420301,1,1,1,1,1,complete three-source intersection
25021420302,1,1,1,1,1,complete three-source intersection
25021421100,1,1,1,1,1,complete three-source intersection
25021421200,1,1,1,1,1,complete three-source intersection
25021422100,1,1,1,1,1,complete three-source intersection
25021422201,1,1,1,1,1,complete three-source intersection
25021422202,1,1,1,1,1,complete three-source intersection
25021422301,1,1,1,1,1,complete three-source intersection
25021422303,1,1,1,1,1,complete three-source intersection
25021422304,1,1,1,1,1,complete three-source intersection
25021422401,1,1,1,1,1,complete three-source intersection
25021422402,1,1,1,1,1,complete three-source intersection
25021422501,1,1,1,1,1,complete three-source intersection
25021422502,1,1,1,1,1,complete three-source intersection
25021422600,1,1,1,1,1,complete three-source intersection
25021422700,1,1,1,1,1,complete three-source intersection
25021422800,1,1,1,1,1,complete three-source intersection
25021423101,1,1,1,1,1,complete three-source intersection
25021423102,1,1,1,1,1,complete three-source intersection
25021440101,1,1,1,1,1,complete three-source intersection
25021440102,1,1,1,1,1,complete three-source intersection
25021441202,1,1,1,1,1,complete three-source intersection
25021441203,1,1,1,1,1,complete three-source intersection
25021441204,1,1,1,1,1,complete three-source intersection
25021442101,1,1,1,1,1,complete three-source intersection
25021442103,1,1,1,1,1,complete three-source intersection
25021442104,1,1,1,1,1,complete three-source intersection
25021442105,1,1,1,1,1,complete three-source intersection
25021442201,1,1,1,1,1,complete three-source intersection
25021442203,1,1,1,1,1,complete three-source intersection
25021442204,1,1,1,1,1,complete three-source intersection
25021443103,1,1,1,1,1,complete three-source intersection
25021443104,1,1,1,1,1,complete three-source intersection
25021443105,1,1,1,1,1,complete three-source intersection
25021443106,1,1,1,1,1,complete three-source intersection
25021456101,1,1,1,1,1,complete three-source intersection
25021456102,1,1,1,1,1,complete three-source intersection
25021456200,1,1,1,1,1,complete three-source intersection
25021456301,1,1,1,1,1,complete three-source intersection
25021456302,1,1,1,1,1,complete three-source intersection
25021456401,1,1,1,1,1,complete three-source intersection
25021456402,1,1,1,1,1,complete three-source intersection
25021457100,1,1,1,1,1,complete three-source intersection
25021457200,1,1,1,1,1,complete three-source intersection
25021980000,1,0,1,0,0,ACS and SVI; no PLACES diabetes row
25023500101,1,1,1,1,1,complete three-source intersection
25023500103,1,1,1,1,1,complete three-source intersection
25023500104,1,1,1,1,1,complete three-source intersection
25023501101,1,1,1,1,1,complete three-source intersection
25023501102,1,1,1,1,1,complete three-source intersection
25023501201,1,1,1,1,1,complete three-source intersection
25023501203,1,1,1,1,1,complete three-source intersection
25023501204,1,1,1,1,1,complete three-source intersection
25023502101,1,1,1,1,1,complete three-source intersection
25023502102,1,1,1,1,1,complete three-source intersection
25023502200,1,1,1,1,1,complete three-source intersection
25023503101,1,1,1,1,1,complete three-source intersection
25023503102,1,1,1,1,1,complete three-source intersection
25023504101,1,1,1,1,1,complete three-source intersection
25023504102,1,1,1,1,1,complete three-source intersection
25023505102,1,1,1,1,1,complete three-source intersection
25023505103,1,1,1,1,1,complete three-source intersection
25023505104,1,1,1,1,1,complete three-source intersection
25023505201,1,1,1,1,1,complete three-source intersection
25023505202,1,1,1,1,1,complete three-source intersection
25023506102,1,1,1,1,1,complete three-source intersection
25023506103,1,1,1,1,1,complete three-source intersection
25023506104,1,1,1,1,1,complete three-source intersection
25023506202,1,1,1,1,1,complete three-source intersection
25023506203,1,1,1,1,1,complete three-source intersection
25023506205,1,1,1,1,1,complete three-source intersection
25023506206,1,1,1,1,1,complete three-source intersection
25023507101,1,1,1,1,1,complete three-source intersection
25023507103,1,1,1,1,1,complete three-source intersection
25023507104,1,1,1,1,1,complete three-source intersection
25023508101,1,1,1,1,1,complete three-source intersection
25023508102,1,1,1,1,1,complete three-source intersection
25023508200,1,1,1,1,1,complete three-source intersection
25023509101,1,1,1,1,1,complete three-source intersection
25023509102,1,1,1,1,1,complete three-source intersection
25023510100,1,1,1,1,1,complete three-source intersection
25023510200,1,1,1,1,1,complete three-source intersection
25023510300,1,1,1,1,1,complete three-source intersection
25023510400,1,1,1,1,1,complete three-source intersection
25023510501,1,1,1,1,1,complete three-source intersection
25023510503,1,1,1,1,1,complete three-source intersection
25023510504,1,1,1,1,1,complete three-source intersection
25023510505,1,1,1,1,1,complete three-source intersection
25023510600,1,1,1,1,1,complete three-source intersection
25023510700,1,1,1,1,1,complete three-source intersection
25023510800,1,1,1,1,1,complete three-source intersection
25023510900,1,1,1,1,1,complete three-source intersection
25023511000,1,1,1,1,1,complete three-source intersection
25023511100,1,1,1,1,1,complete three-source intersection
25023511200,1,1,1,1,1,complete three-source intersection
25023511301,1,1,1,1,1,complete three-source intersection
25023511302,1,1,1,1,1,complete three-source intersection
25023511400,1,1,1,1,1,complete three-source intersection
25023511500,1,1,1,1,1,complete three-source intersection
25023511601,1,1,1,1,1,complete three-source intersection
25023511602,1,1,1,1,1,complete three-source intersection
25023511701,1,1,1,1,1,complete three-source intersection
25023511702,1,1,1,1,1,complete three-source intersection
25023520100,1,1,1,1,1,complete three-source intersection
25023520201,1,1,1,1,1,complete three-source intersection
25023520202,1,1,1,1,1,complete three-source intersection
25023521101,1,1,1,1,1,complete three-source intersection
25023521102,1,1,1,1,1,complete three-source intersection
25023521201,1,1,1,1,1,complete three-source intersection
25023521202,1,1,1,1,1,complete three-source intersection
25023522101,1,1,1,1,1,complete three-source intersection
25023522102,1,1,1,1,1,complete three-source intersection
25023523100,1,1,1,1,1,complete three-source intersection
25023523201,1,1,1,1,1,complete three-source intersection
25023523203,1,1,1,1,1,complete three-source intersection
25023523204,1,1,1,1,1,complete three-source intersection
25023524101,1,1,1,1,1,complete three-source intersection
25023524102,1,1,1,1,1,complete three-source intersection
25023525101,1,1,1,1,1,complete three-source intersection
25023525104,1,1,1,1,1,complete three-source intersection
25023525204,1,1,1,1,1,complete three-source intersection
25023526100,1,1,1,1,1,complete three-source intersection
25023530100,1,1,1,1,1,complete three-source intersection
25023530200,1,1,1,1,1,complete three-source intersection
25023530300,1,1,1,1,1,complete three-source intersection
25023530400,1,1,1,1,1,complete three-source intersection
25023530500,1,1,1,1,1,complete three-source intersection
25023530600,1,1,1,1,1,complete three-source intersection
25023530700,1,1,1,1,1,complete three-source intersection
25023530801,1,1,1,1,1,complete three-source intersection
25023530802,1,1,1,1,1,complete three-source intersection
25023530902,1,1,1,1,1,complete three-source intersection
25023530903,1,1,1,1,1,complete three-source intersection
25023530904,1,1,1,1,1,complete three-source intersection
25023540101,1,1,1,1,1,complete three-source intersection
25023540102,1,1,1,1,1,complete three-source intersection
25023540103,1,1,1,1,1,complete three-source intersection
25023541100,1,1,1,1,1,complete three-source intersection
25023542101,1,1,1,1,1,complete three-source intersection
25023542102,1,1,1,1,1,complete three-source intersection
25023542200,1,1,1,1,1,complete three-source intersection
25023542301,1,1,1,1,1,complete three-source intersection
25023542302,1,1,1,1,1,complete three-source intersection
25023543100,1,1,1,1,1,complete three-source intersection
25023544100,1,1,1,1,1,complete three-source intersection
25023544200,1,1,1,1,1,complete three-source intersection
25023545100,1,1,1,1,1,complete three-source intersection
25023545200,1,1,1,1,1,complete three-source intersection
25023545300,1,1,1,1,1,complete three-source intersection
25023545400,1,1,1,1,1,complete three-source intersection
25023560100,1,1,1,1,1,complete three-source intersection
25023561100,1,1,1,1,1,complete three-source intersection
25023561400,1,1,1,1,1,complete three-source intersection
25023980200,1,1,1,1,1,complete three-source intersection
25023980300,1,1,1,1,1,complete three-source intersection
25023990003,1,0,0,0,0,ACS only; no PLACES or SVI row
25025000101,1,1,1,1,1,complete three-source intersection
25025000102,1,1,1,1,1,complete three-source intersection
25025000201,1,1,1,1,1,complete three-source intersection
25025000202,1,1,1,1,1,complete three-source intersection
25025000301,1,1,1,1,1,complete three-source intersection
25025000302,1,1,1,1,1,complete three-source intersection
25025000401,1,1,1,1,1,complete three-source intersection
25025000402,1,1,1,1,1,complete three-source intersection
25025000502,1,1,1,1,1,complete three-source intersection
25025000503,1,1,1,1,1,complete three-source intersection
25025000505,1,1,1,1,1,complete three-source intersection
25025000506,1,1,1,1,1,complete three-source intersection
25025000601,1,1,1,1,1,complete three-source intersection
25025000603,1,1,1,1,1,complete three-source intersection
25025000604,1,1,1,1,1,complete three-source intersection
25025000701,1,1,1,1,1,complete three-source intersection
25025000703,1,1,1,1,1,complete three-source intersection
25025000704,1,1,1,1,1,complete three-source intersection
25025000804,1,1,1,1,1,complete three-source intersection
25025000805,1,1,1,1,1,complete three-source intersection
25025000806,1,1,1,1,1,complete three-source intersection
25025000807,1,1,1,1,1,complete three-source intersection
25025010103,1,1,1,1,1,complete three-source intersection
25025010104,1,1,1,1,1,complete three-source intersection
25025010204,1,1,1,1,1,complete three-source intersection
25025010205,1,1,1,1,1,complete three-source intersection
25025010206,1,1,1,1,1,complete three-source intersection
25025010300,1,1,1,1,1,complete three-source intersection
25025010403,1,1,1,1,1,complete three-source intersection
25025010404,1,1,1,1,1,complete three-source intersection
25025010405,1,1,1,1,1,complete three-source intersection
25025010408,1,1,1,1,1,complete three-source intersection
25025010500,1,1,1,1,1,complete three-source intersection
25025010600,1,1,1,1,1,complete three-source intersection
25025010701,1,1,1,1,1,complete three-source intersection
25025010702,1,1,1,1,1,complete three-source intersection
25025010801,1,1,1,1,1,complete three-source intersection
25025010802,1,1,1,1,1,complete three-source intersection
25025020101,1,1,1,1,1,complete three-source intersection
25025020200,1,1,1,1,1,complete three-source intersection
25025020301,1,1,1,1,1,complete three-source intersection
25025020302,1,1,1,1,1,complete three-source intersection
25025020304,1,1,1,1,1,complete three-source intersection
25025020305,1,1,1,1,1,complete three-source intersection
25025030100,1,1,1,1,1,complete three-source intersection
25025030200,1,1,1,1,1,complete three-source intersection
25025030301,1,1,1,1,1,complete three-source intersection
25025030302,1,1,1,1,1,complete three-source intersection
25025030400,1,1,1,1,1,complete three-source intersection
25025030500,1,1,1,1,1,complete three-source intersection
25025040100,1,1,1,1,1,complete three-source intersection
25025040200,1,1,1,1,1,complete three-source intersection
25025040300,1,1,1,1,1,complete three-source intersection
25025040401,1,1,1,1,1,complete three-source intersection
25025040600,1,1,1,1,1,complete three-source intersection
25025040801,1,1,1,1,1,complete three-source intersection
25025050101,1,1,1,1,1,complete three-source intersection
25025050200,1,1,1,1,1,complete three-source intersection
25025050300,1,1,1,1,1,complete three-source intersection
25025050400,1,1,1,1,1,complete three-source intersection
25025050500,1,1,1,1,1,complete three-source intersection
25025050600,1,1,1,1,1,complete three-source intersection
25025050700,1,1,1,1,1,complete three-source intersection
25025050901,1,1,1,1,1,complete three-source intersection
25025051000,1,1,1,1,1,complete three-source intersection
25025051101,1,1,1,1,1,complete three-source intersection
25025051200,1,1,1,1,1,complete three-source intersection
25025060101,1,1,1,1,1,complete three-source intersection
25025060200,1,1,1,1,1,complete three-source intersection
25025060301,1,1,1,1,1,complete three-source intersection
25025060400,1,1,1,1,1,complete three-source intersection
25025060501,1,1,1,1,1,complete three-source intersection
25025060601,1,1,1,1,1,complete three-source intersection
25025060602,1,1,1,1,1,complete three-source intersection
25025060603,1,1,1,1,1,complete three-source intersection
25025060604,1,1,1,1,1,complete three-source intersection
25025060700,1,1,1,1,1,complete three-source intersection
25025060800,1,1,1,1,1,complete three-source intersection
25025061000,1,1,1,1,1,complete three-source intersection
25025061101,1,1,1,1,1,complete three-source intersection
25025061201,1,1,1,1,1,complete three-source intersection
25025061202,1,0,1,0,0,ACS and SVI; no PLACES diabetes row
25025061203,1,1,1,1,1,complete three-source intersection
25025061204,1,1,1,1,1,complete three-source intersection
25025070102,1,1,1,1,1,complete three-source intersection
25025070103,1,1,1,1,1,complete three-source intersection
25025070104,1,1,1,1,1,complete three-source intersection
25025070201,1,1,1,1,1,complete three-source intersection
25025070202,1,1,1,1,1,complete three-source intersection
25025070301,1,1,1,1,1,complete three-source intersection
25025070302,1,1,1,1,1,complete three-source intersection
25025070402,1,1,1,1,1,complete three-source intersection
25025070501,1,1,1,1,1,complete three-source intersection
25025070502,1,1,1,1,1,complete three-source intersection
25025070600,1,1,1,1,1,complete three-source intersection
25025070700,1,1,1,1,1,complete three-source intersection
25025070801,1,1,1,1,1,complete three-source intersection
25025070802,1,1,1,1,1,complete three-source intersection
25025070901,1,1,1,1,1,complete three-source intersection
25025070902,1,1,1,1,1,complete three-source intersection
25025071101,1,1,1,1,1,complete three-source intersection
25025071201,1,1,1,1,1,complete three-source intersection
25025080100,1,1,1,1,1,complete three-source intersection
25025080300,1,1,1,1,1,complete three-source intersection
25025080401,1,1,1,1,1,complete three-source intersection
25025080500,1,1,1,1,1,complete three-source intersection
25025080601,1,1,1,1,1,complete three-source intersection
25025080801,1,1,1,1,1,complete three-source intersection
25025080900,1,1,1,1,1,complete three-source intersection
25025081001,1,1,1,1,1,complete three-source intersection
25025081101,1,1,1,1,1,complete three-source intersection
25025081102,1,1,1,1,1,complete three-source intersection
25025081200,1,1,1,1,1,complete three-source intersection
25025081301,1,1,1,1,1,complete three-source intersection
25025081302,1,1,1,1,1,complete three-source intersection
25025081400,1,1,1,1,1,complete three-source intersection
25025081500,1,1,1,1,1,complete three-source intersection
25025081700,1,1,1,1,1,complete three-source intersection
25025081800,1,1,1,1,1,complete three-source intersection
25025081900,1,1,1,1,1,complete three-source intersection
25025082000,1,1,1,1,1,complete three-source intersection
25025082100,1,1,1,1,1,complete three-source intersection
25025090100,1,1,1,1,1,complete three-source intersection
25025090200,1,1,1,1,1,complete three-source intersection
25025090300,1,1,1,1,1,complete three-source intersection
25025090400,1,1,1,1,1,complete three-source intersection
25025090600,1,1,1,1,1,complete three-source intersection
25025090700,1,1,1,1,1,complete three-source intersection
25025090901,1,1,1,1,1,complete three-source intersection
25025091001,1,1,1,1,1,complete three-source intersection
25025091100,1,1,1,1,1,complete three-source intersection
25025091200,1,1,1,1,1,complete three-source intersection
25025091300,1,1,1,1,1,complete three-source intersection
25025091400,1,1,1,1,1,complete three-source intersection
25025091500,1,1,1,1,1,complete three-source intersection
25025091600,1,1,1,1,1,complete three-source intersection
25025091700,1,1,1,1,1,complete three-source intersection
25025091800,1,1,1,1,1,complete three-source intersection
25025091900,1,1,1,1,1,complete three-source intersection
25025092000,1,1,1,1,1,complete three-source intersection
25025092101,1,1,1,1,1,complete three-source intersection
25025092200,1,1,1,1,1,complete three-source intersection
25025092300,1,1,1,1,1,complete three-source intersection
25025092400,1,1,1,1,1,complete three-source intersection
25025100100,1,1,1,1,1,complete three-source intersection
25025100200,1,1,1,1,1,complete three-source intersection
25025100300,1,1,1,1,1,complete three-source intersection
25025100400,1,1,1,1,1,complete three-source intersection
25025100500,1,1,1,1,1,complete three-source intersection
25025100601,1,1,1,1,1,complete three-source intersection
25025100603,1,1,1,1,1,complete three-source intersection
25025100700,1,1,1,1,1,complete three-source intersection
25025100800,1,1,1,1,1,complete three-source intersection
25025100900,1,1,1,1,1,complete three-source intersection
25025101001,1,1,1,1,1,complete three-source intersection
25025101002,1,1,1,1,1,complete three-source intersection
25025101101,1,1,1,1,1,complete three-source intersection
25025101102,1,1,1,1,1,complete three-source intersection
25025110104,1,1,1,1,1,complete three-source intersection
25025110105,1,1,1,1,1,complete three-source intersection
25025110106,1,1,1,1,1,complete three-source intersection
25025110201,1,1,1,1,1,complete three-source intersection
25025110301,1,1,1,1,1,complete three-source intersection
25025110401,1,1,1,1,1,complete three-source intersection
25025110403,1,1,1,1,1,complete three-source intersection
25025110501,1,1,1,1,1,complete three-source intersection
25025110502,1,1,1,1,1,complete three-source intersection
25025110601,1,1,1,1,1,complete three-source intersection
25025110607,1,1,1,1,1,complete three-source intersection
25025120103,1,1,1,1,1,complete three-source intersection
25025120104,1,1,1,1,1,complete three-source intersection
25025120105,1,1,1,1,1,complete three-source intersection
25025120201,1,1,1,1,1,complete three-source intersection
25025120301,1,1,1,1,1,complete three-source intersection
25025120400,1,1,1,1,1,complete three-source intersection
25025120500,1,1,1,1,1,complete three-source intersection
25025120600,1,1,1,1,1,complete three-source intersection
25025120700,1,1,1,1,1,complete three-source intersection
25025130101,1,1,1,1,1,complete three-source intersection
25025130200,1,1,1,1,1,complete three-source intersection
25025130300,1,1,1,1,1,complete three-source intersection
25025130402,1,1,1,1,1,complete three-source intersection
25025130404,1,1,1,1,1,complete three-source intersection
25025130406,1,1,1,1,1,complete three-source intersection
25025140102,1,1,1,1,1,complete three-source intersection
25025140105,1,1,1,1,1,complete three-source intersection
25025140106,1,1,1,1,1,complete three-source intersection
25025140107,1,1,1,1,1,complete three-source intersection
25025140201,1,1,1,1,1,complete three-source intersection
25025140202,1,1,1,1,1,complete three-source intersection
25025140300,1,1,1,1,1,complete three-source intersection
25025140400,1,1,1,1,1,complete three-source intersection
25025160102,1,1,1,1,1,complete three-source intersection
25025160103,1,1,1,1,1,complete three-source intersection
25025160200,1,1,1,1,1,complete three-source intersection
25025160300,1,1,1,1,1,complete three-source intersection
25025160400,1,1,1,1,1,complete three-source intersection
25025160501,1,1,1,1,1,complete three-source intersection
25025160502,1,1,1,1,1,complete three-source intersection
25025160601,1,1,1,1,1,complete three-source intersection
25025160602,1,1,1,1,1,complete three-source intersection
25025170101,1,1,1,1,1,complete three-source intersection
25025170102,1,1,1,1,1,complete three-source intersection
25025170200,1,1,1,1,1,complete three-source intersection
25025170301,1,1,1,1,1,complete three-source intersection
25025170302,1,1,1,1,1,complete three-source intersection
25025170400,1,1,1,1,1,complete three-source intersection
25025170502,1,1,1,1,1,complete three-source intersection
25025170503,1,1,1,1,1,complete three-source intersection
25025170504,1,1,1,1,1,complete three-source intersection
25025170601,1,1,1,1,1,complete three-source intersection
25025170701,1,1,1,1,1,complete three-source intersection
25025170702,1,1,1,1,1,complete three-source intersection
25025170800,1,1,1,1,1,complete three-source intersection
25025180101,1,1,1,1,1,complete three-source intersection
25025180200,1,1,1,1,1,complete three-source intersection
25025180301,1,1,1,1,1,complete three-source intersection
25025180400,1,1,1,1,1,complete three-source intersection
25025180500,1,1,1,1,1,complete three-source intersection
25025980101,1,0,1,0,0,ACS and SVI; no PLACES diabetes row
25025980300,1,1,1,1,1,complete three-source intersection
25025980700,1,0,1,0,0,ACS and SVI; no PLACES diabetes row
25025980900,1,1,1,1,1,complete three-source intersection
25025981000,1,0,1,0,0,ACS and SVI; no PLACES diabetes row
25025981100,1,1,1,1,1,complete three-source intersection
25025981201,1,0,1,0,0,ACS and SVI; no PLACES diabetes row
25025981202,1,0,1,0,0,ACS and SVI; no PLACES diabetes row
25025981300,1,1,1,1,1,complete three-source intersection
25025981501,1,0,1,0,0,ACS and SVI; no PLACES diabetes row
25025981502,1,0,1,0,0,ACS and SVI; no PLACES diabetes row
25025981600,1,0,1,0,0,ACS and SVI; no PLACES diabetes row
25025981700,1,0,1,0,0,ACS and SVI; no PLACES diabetes row
25025981800,1,0,1,0,0,ACS and SVI; no PLACES diabetes row
25025981900,1,0,1,0,0,ACS and SVI; no PLACES diabetes row
25025990101,1,0,0,0,0,ACS only; no PLACES or SVI row
25027700100,1,1,1,1,1,complete three-source intersection
25027701101,1,1,1,1,1,complete three-source intersection
25027701102,1,1,1,1,1,complete three-source intersection
25027702201,1,1,1,1,1,complete three-source intersection
25027702202,1,1,1,1,1,complete three-source intersection
25027703100,1,1,1,1,1,complete three-source intersection
25027703200,1,1,1,1,1,complete three-source intersection
25027703300,1,1,1,1,1,complete three-source intersection
25027704201,1,1,1,1,1,complete three-source intersection
25027704202,1,1,1,1,1,complete three-source intersection
25027705101,1,1,1,1,1,complete three-source intersection
25027705102,1,1,1,1,1,complete three-source intersection
25027706100,1,1,1,1,1,complete three-source intersection
25027707100,1,1,1,1,1,complete three-source intersection
25027707200,1,1,1,1,1,complete three-source intersection
25027707300,1,1,1,1,1,complete three-source intersection
25027707400,1,1,1,1,1,complete three-source intersection
25027707500,1,1,1,1,1,complete three-source intersection
25027708100,1,1,1,1,1,complete three-source intersection
25027709100,1,1,1,1,1,complete three-source intersection
25027709201,1,1,1,1,1,complete three-source intersection
25027709203,1,1,1,1,1,complete three-source intersection
25027709204,1,1,1,1,1,complete three-source intersection
25027709400,1,1,1,1,1,complete three-source intersection
25027709501,1,1,1,1,1,complete three-source intersection
25027709502,1,1,1,1,1,complete three-source intersection
25027709600,1,1,1,1,1,complete three-source intersection
25027709701,1,1,1,1,1,complete three-source intersection
25027709702,1,1,1,1,1,complete three-source intersection
25027710100,1,1,1,1,1,complete three-source intersection
25027710200,1,1,1,1,1,complete three-source intersection
25027710300,1,1,1,1,1,complete three-source intersection
25027710400,1,1,1,1,1,complete three-source intersection
25027710500,1,1,1,1,1,complete three-source intersection
25027710601,1,1,1,1,1,complete three-source intersection
25027710602,1,1,1,1,1,complete three-source intersection
25027710700,1,1,1,1,1,complete three-source intersection
25027710800,1,1,1,1,1,complete three-source intersection
25027711000,1,1,1,1,1,complete three-source intersection
25027711100,1,1,1,1,1,complete three-source intersection
25027712101,1,1,1,1,1,complete three-source intersection
25027712102,1,1,1,1,1,complete three-source intersection
25027713100,1,1,1,1,1,complete three-source intersection
25027715100,1,1,1,1,1,complete three-source intersection
25027716101,1,1,1,1,1,complete three-source intersection
25027716102,1,1,1,1,1,complete three-source intersection
25027716200,1,1,1,1,1,complete three-source intersection
25027716300,1,1,1,1,1,complete three-source intersection
25027717100,1,1,1,1,1,complete three-source intersection
25027718100,1,1,1,1,1,complete three-source intersection
25027719100,1,1,1,1,1,complete three-source intersection
25027720100,1,1,1,1,1,complete three-source intersection
25027721101,1,1,1,1,1,complete three-source intersection
25027721103,1,1,1,1,1,complete three-source intersection
25027721104,1,1,1,1,1,complete three-source intersection
25027722100,1,1,1,1,1,complete three-source intersection
25027723100,1,1,1,1,1,complete three-source intersection
25027724100,1,1,1,1,1,complete three-source intersection
25027725100,1,1,1,1,1,complete three-source intersection
25027726100,1,1,1,1,1,complete three-source intersection
25027726200,1,1,1,1,1,complete three-source intersection
25027727100,1,1,1,1,1,complete three-source intersection
25027728100,1,1,1,1,1,complete three-source intersection
25027728200,1,1,1,1,1,complete three-source intersection
25027728300,1,1,1,1,1,complete three-source intersection
25027728400,1,1,1,1,1,complete three-source intersection
25027729100,1,1,1,1,1,complete three-source intersection
25027729200,1,1,1,1,1,complete three-source intersection
25027730100,1,1,1,1,1,complete three-source intersection
25027730200,1,1,1,1,1,complete three-source intersection
25027730300,1,1,1,1,1,complete three-source intersection
25027730401,1,1,1,1,1,complete three-source intersection
25027730402,1,1,1,1,1,complete three-source intersection
25027730500,1,1,1,1,1,complete three-source intersection
25027730600,1,1,1,1,1,complete three-source intersection
25027730700,1,1,1,1,1,complete three-source intersection
25027730801,1,1,1,1,1,complete three-source intersection
25027730802,1,1,1,1,1,complete three-source intersection
25027730901,1,1,1,1,1,complete three-source intersection
25027730902,1,1,1,1,1,complete three-source intersection
25027731001,1,1,1,1,1,complete three-source intersection
25027731002,1,1,1,1,1,complete three-source intersection
25027731101,1,1,1,1,1,complete three-source intersection
25027731102,1,1,1,1,1,complete three-source intersection
25027731202,1,1,1,1,1,complete three-source intersection
25027731203,1,1,1,1,1,complete three-source intersection
25027731204,1,1,1,1,1,complete three-source intersection
25027731300,1,1,1,1,1,complete three-source intersection
25027731400,1,1,1,1,1,complete three-source intersection
25027731500,1,1,1,1,1,complete three-source intersection
25027731601,1,1,1,1,1,complete three-source intersection
25027731602,1,1,1,1,1,complete three-source intersection
25027731700,1,1,1,1,1,complete three-source intersection
25027731801,1,1,1,1,1,complete three-source intersection
25027731802,1,1,1,1,1,complete three-source intersection
25027731900,1,1,1,1,1,complete three-source intersection
25027732001,1,1,1,1,1,complete three-source intersection
25027732002,1,1,1,1,1,complete three-source intersection
25027732201,1,1,1,1,1,complete three-source intersection
25027732202,1,1,1,1,1,complete three-source intersection
25027732203,1,1,1,1,1,complete three-source intersection
25027732301,1,1,1,1,1,complete three-source intersection
25027732302,1,1,1,1,1,complete three-source intersection
25027732400,1,1,1,1,1,complete three-source intersection
25027732500,1,1,1,1,1,complete three-source intersection
25027732600,1,1,1,1,1,complete three-source intersection
25027732700,1,1,1,1,1,complete three-source intersection
25027732801,1,1,1,1,1,complete three-source intersection
25027732802,1,1,1,1,1,complete three-source intersection
25027732901,1,1,1,1,1,complete three-source intersection
25027732902,1,1,1,1,1,complete three-source intersection
25027733000,1,1,1,1,1,complete three-source intersection
25027733101,1,1,1,1,1,complete three-source intersection
25027733102,1,1,1,1,1,complete three-source intersection
25027735100,1,1,1,1,1,complete three-source intersection
25027735200,1,1,1,1,1,complete three-source intersection
25027736100,1,1,1,1,1,complete three-source intersection
25027736200,1,1,1,1,1,complete three-source intersection
25027736300,1,1,1,1,1,complete three-source intersection
25027736400,1,1,1,1,1,complete three-source intersection
25027736500,1,1,1,1,1,complete three-source intersection
25027737100,1,1,1,1,1,complete three-source intersection
25027737200,1,1,1,1,1,complete three-source intersection
25027737300,1,1,1,1,1,complete three-source intersection
25027738100,1,1,1,1,1,complete three-source intersection
25027738201,1,1,1,1,1,complete three-source intersection
25027738202,1,1,1,1,1,complete three-source intersection
25027739101,1,1,1,1,1,complete three-source intersection
25027739102,1,1,1,1,1,complete three-source intersection
25027739201,1,1,1,1,1,complete three-source intersection
25027739202,1,1,1,1,1,complete three-source intersection
25027739300,1,1,1,1,1,complete three-source intersection
25027739401,1,1,1,1,1,complete three-source intersection
25027739402,1,1,1,1,1,complete three-source intersection
25027739500,1,1,1,1,1,complete three-source intersection
25027740101,1,1,1,1,1,complete three-source intersection
25027740102,1,1,1,1,1,complete three-source intersection
25027740200,1,1,1,1,1,complete three-source intersection
25027741101,1,1,1,1,1,complete three-source intersection
25027741102,1,1,1,1,1,complete three-source intersection
25027742300,1,1,1,1,1,complete three-source intersection
25027742401,1,1,1,1,1,complete three-source intersection
25027742402,1,1,1,1,1,complete three-source intersection
25027743100,1,1,1,1,1,complete three-source intersection
25027744102,1,1,1,1,1,complete three-source intersection
25027744103,1,1,1,1,1,complete three-source intersection
25027744104,1,1,1,1,1,complete three-source intersection
25027744201,1,1,1,1,1,complete three-source intersection
25027744202,1,1,1,1,1,complete three-source intersection
25027744300,1,1,1,1,1,complete three-source intersection
25027744400,1,1,1,1,1,complete three-source intersection
25027745100,1,1,1,1,1,complete three-source intersection
25027746100,1,1,1,1,1,complete three-source intersection
25027747101,1,1,1,1,1,complete three-source intersection
25027747102,1,1,1,1,1,complete three-source intersection
25027748100,1,1,1,1,1,complete three-source intersection
25027749100,1,1,1,1,1,complete three-source intersection
25027749200,1,1,1,1,1,complete three-source intersection
25027750100,1,1,1,1,1,complete three-source intersection
25027750200,1,1,1,1,1,complete three-source intersection
25027750300,1,1,1,1,1,complete three-source intersection
25027751101,1,1,1,1,1,complete three-source intersection
25027751102,1,1,1,1,1,complete three-source intersection
25027752101,1,1,1,1,1,complete three-source intersection
25027752102,1,1,1,1,1,complete three-source intersection
25027753100,1,1,1,1,1,complete three-source intersection
25027753200,1,1,1,1,1,complete three-source intersection
25027754100,1,1,1,1,1,complete three-source intersection
25027754200,1,1,1,1,1,complete three-source intersection
25027754300,1,1,1,1,1,complete three-source intersection
25027754400,1,1,1,1,1,complete three-source intersection
25027755100,1,1,1,1,1,complete three-source intersection
25027755201,1,1,1,1,1,complete three-source intersection
25027755202,1,1,1,1,1,complete three-source intersection
25027756101,1,1,1,1,1,complete three-source intersection
25027756102,1,1,1,1,1,complete three-source intersection
25027757100,1,1,1,1,1,complete three-source intersection
25027757200,1,1,1,1,1,complete three-source intersection
25027757300,1,1,1,1,1,complete three-source intersection
25027757400,1,1,1,1,1,complete three-source intersection
25027757500,1,1,1,1,1,complete three-source intersection
25027758101,1,1,1,1,1,complete three-source intersection
25027758103,1,1,1,1,1,complete three-source intersection
25027758104,1,1,1,1,1,complete three-source intersection
25027759100,1,1,1,1,1,complete three-source intersection
25027760100,1,1,1,1,1,complete three-source intersection
25027761100,1,1,1,1,1,complete three-source intersection
25027761200,1,1,1,1,1,complete three-source intersection
25027761300,1,1,1,1,1,complete three-source intersection
25027761401,1,1,1,1,1,complete three-source intersection
25027761402,1,1,1,1,1,complete three-source intersection
