measure_id,name,type,numerator_or_summary,denominator_or_standard,age_groups,multiplier,interval_or_uncertainty,availability_rule,reference_rule,interpretation_limit
DM01,REPLACE,REPLACE,REPLACE,REPLACE,REPLACE,REPLACE,REPLACE,REPLACE,REPLACE,REPLACE
DM02,REPLACE,REPLACE,REPLACE,REPLACE,REPLACE,REPLACE,REPLACE,REPLACE,REPLACE,REPLACE
DM03,REPLACE,REPLACE,REPLACE,REPLACE,REPLACE,REPLACE,REPLACE,REPLACE,REPLACE,REPLACE
DM04,REPLACE,REPLACE,REPLACE,REPLACE,REPLACE,REPLACE,REPLACE,REPLACE,REPLACE,REPLACE
DM05,REPLACE,REPLACE,REPLACE,REPLACE,REPLACE,REPLACE,REPLACE,REPLACE,REPLACE,REPLACE
DM06,REPLACE,REPLACE,REPLACE,REPLACE,REPLACE,REPLACE,REPLACE,REPLACE,REPLACE,REPLACE
DM07,REPLACE,REPLACE,REPLACE,REPLACE,REPLACE,REPLACE,REPLACE,REPLACE,REPLACE,REPLACE
DM08,REPLACE,REPLACE,REPLACE,REPLACE,REPLACE,REPLACE,REPLACE,REPLACE,REPLACE,REPLACE
DM09,REPLACE,REPLACE,REPLACE,REPLACE,REPLACE,REPLACE,REPLACE,REPLACE,REPLACE,REPLACE
